{"cameraMode":{"drawMode":0,"name":"Shaded","section":"Shading Mode"},"sceneLighting":true,"audioPlay":false,"sceneViewState":{"showFog":true,"showMaterialUpdate":false,"showSkybox":true,"showFlares":true,"showImageEffects":true,"showParticleSystems":true},"in2DMode":false,"pivot":{"x":-7.022306442260742,"y":-2.0912795066833498,"z":-1.2961146831512452},"rotation":{"x":-0.14798662066459657,"y":-0.06019330024719238,"z":0.009023375809192658,"w":-0.9871206283569336},"size":3.52193021774292,"orthographic":false}